"ORG_ID"|"ORG_NAVN"|"TYPE_FOA"
1000100|"Arbejdsgiverforeningen for Transport og Logistik (ATL) (Bestyrelse)"|"Arbejdsgiverorganisationer"
1000101|"Kristelig Arbejdsgiverforening (Hovedbestyrelse)"|"Arbejdsgiverorganisationer"
1000102|"EmballageIndustrien (Bestyrelse)"|"Arbejdsgiverorganisationer"
1000103|"Sammenslutningen af Landbrugets Arbejdsgiverforeninger (SALA) (Bestyrelse og direkton)"|"Arbejdsgiverorganisationer"
1000104|"Gartneri-, Land- og Skovbrugets Arbejdsgivere (Bestyrelse og direktion)"|"Arbejdsgiverorganisationer"
1000105|"Danske Anlægsgartnere (Hovedbestyrelse)"|"Arbejdsgiverorganisationer"
1000106|"Mejeribrugets Arbejdsgiverforening (Bestyrelse)"|"Arbejdsgiverorganisationer"
1000107|"DS Håndværk & Industri (Hovedbestyrelsen)"|"Arbejdsgiverorganisationer"
1000108|"Dansk Arbejdsgiverforening (DA) (Bestyrelse)"|"Arbejdsgiverorganisationer"
1000109|"Dansk Arbejdsgiverforening (DA) (Forretningsudvalg)"|"Arbejdsgiverorganisationer"
1000110|"Dansk Mode & Textil (Bestyrelse)"|"Arbejdsgiverorganisationer"
1000111|"Benzin- og Oliebranchens Arbejdsgiverforening - BOA (Bestyrelse)"|"Arbejdsgiverorganisationer"
1000112|"Tekniq - Installatørernes Organisation (Bestyrelse)"|"Arbejdsgiverorganisationer"
1000113|"Grafisk Arbejdsgiverforening (Repræsentantskab)"|"Arbejdsgiverorganisationer"
1000114|"Grafisk Arbejdsgiverforening (Bestyrelse)"|"Arbejdsgiverorganisationer"
1000115|"SAMA - Sammenslutningen af mindre Arbejdsgiverforeninger (Bestyrelse)"|"Arbejdsgiverorganisationer"
1000116|"DI (Udvalg for affald)"|"Arbejdsgiverorganisationer"
1000117|"DI (Udvalg for arbejdsmarkedspolitik)"|"Arbejdsgiverorganisationer"
1000118|"DI (Udvalg for byggepolitik)"|"Arbejdsgiverorganisationer"
1000119|"DI (Udvalg for design)"|"Arbejdsgiverorganisationer"
1000120|"DI (Forretningsudvalg)"|"Arbejdsgiverorganisationer"
1000121|"DI (Hovedbestyrelse)"|"Arbejdsgiverorganisationer"
1000122|"DI (Internationale markedsudvalg)"|"Arbejdsgiverorganisationer"
1000123|"DI (Udvalg for E-business)"|"Arbejdsgiverorganisationer"
1000124|"DI (Udvalg for Energi- og Klimapolitik)"|"Arbejdsgiverorganisationer"
1000125|"DI (Udvalg for Erhvervspolitik)"|"Arbejdsgiverorganisationer"
1000126|"DI (Udvalg for Erhvervsuddannelse)"|"Arbejdsgiverorganisationer"
1000127|"DI (Udvalg for Forskning og Uddannelse)"|"Arbejdsgiverorganisationer"
1000128|"DI (Udvalg for Informationssikkerhed)"|"Arbejdsgiverorganisationer"
1000129|"DI (Udvalg for IT politik)"|"Arbejdsgiverorganisationer"
1000130|"DI (Udvalg for Konkurrenceret)"|"Arbejdsgiverorganisationer"
1000131|"DI (Udvalg for Medieindustri)"|"Arbejdsgiverorganisationer"
1000132|"DI (Udvalg for Miljø)"|"Arbejdsgiverorganisationer"
1000133|"DI (Udvalg for Mindre og Mellemstore Virksomheder)"|"Arbejdsgiverorganisationer"
1000134|"DI (Udvalg for Offentlig-privat samspil)"|"Arbejdsgiverorganisationer"
1000135|"DI (Udvalg for Råstof)"|"Arbejdsgiverorganisationer"
1000136|"DI (Udvalg for Selskabsret)"|"Arbejdsgiverorganisationer"
1000137|"DI (Udvalg for Skattepolitik)"|"Arbejdsgiverorganisationer"
1000139|"DI (Udvalg for Telepolitik)"|"Arbejdsgiverorganisationer"
1000140|"DI (Udvalg for Transport og infrastruktur)"|"Arbejdsgiverorganisationer"
1000141|"DI (Udvalg for Turisme)"|"Arbejdsgiverorganisationer"
1000142|"DI (DI's Direktion)"|"Arbejdsgiverorganisationer"
1000143|"Danske Malermestre (Direktion)"|"Arbejdsgiverorganisationer"
1000144|"Danske Malermestre (Bestyrelse)"|"Arbejdsgiverorganisationer"
1000145|"Arbejdsgiverforeningen for Taxivognmænd i Danmark (ATD) (Bestyrelse)"|"Arbejdsgiverorganisationer"
1000146|"Asfaltindustrien (Bestyrelse)"|"Arbejdsgiverorganisationer"
1000147|"Asfaltindustrien (Direktion)"|"Arbejdsgiverorganisationer"
1000148|"Dansk Byggeri (Direktion)"|"Arbejdsgiverorganisationer"
1000149|"Dansk Byggeri (Bestyrelse)"|"Arbejdsgiverorganisationer"
1000150|"LandsdelsOrkesterForeningen (Bestyrelse)"|"Arbejdsgiverorganisationer"
1000151|"Kooperationen - Den kooperative Arbejdsgiver- og Interesseorganisation i Danmark (Direktion)"|"Arbejdsgiverorganisationer"
1000152|"Kooperationen - Den kooperative Arbejdsgiver- og Interesseorganisation i Danmark (Bestyrelse)"|"Arbejdsgiverorganisationer"
1000153|"Danske Slagtermestre, DSM (Bestyrelse)"|"Arbejdsgiverorganisationer"
1000154|"Danske Slagtermestre, DSM (Direktion)"|"Arbejdsgiverorganisationer"
1000155|"FødevareIndustriens Arbejdsgiverforening (Bestyrelse)"|"Arbejdsgiverorganisationer"
1000156|"Arbejdsgiverforeningen for Kollektiv Trafik (AKT) (Bestyrelse)"|"Arbejdsgiverorganisationer"
1000157|"Slagteriernes Arbejdsgiverforeninger (Bestyrelse)"|"Arbejdsgiverorganisationer"
1000158|"Finanssektorens Arbejdsgiverforening (Bestyrelse)"|"Arbejdsgiverorganisationer"
1000159|"Finanssektorens Arbejdsgiverforening (Repræsentantskab)"|"Arbejdsgiverorganisationer"
1000160|"Finanssektorens Arbejdsgiverforening (Forhandlingsudvalg)"|"Arbejdsgiverorganisationer"
1000161|"Finanssektorens Arbejdsgiverforening (Direktion)"|"Arbejdsgiverorganisationer"
1000689|"Danske Dagblades Forening  (Bestyrelse)"|"Erhvervs- og brancheorganisationer"
1000690|"Danske Dagblades Forening  (Annonceudvalget)"|"Erhvervs- og brancheorganisationer"
1000691|"Danske Dagblades Forening  (Distributions- og bladsalgsudvalget)"|"Erhvervs- og brancheorganisationer"
1000692|"Danske Dagblades Forening  (Redaktionelt Udvalg)"|"Erhvervs- og brancheorganisationer"
3000054|"Foreningen af danske interaktive medier (bestyrelse)"|"Erhvervs- og brancheorganisationer"
1000693|"Brancheudvalget for Frø (repræsentanter)"|"Erhvervs- og brancheorganisationer"
1000694|"Foreningen af Danske Stammeejere af Mark- og Havefrø – DLF AmbA (bestyrelse)"|"Erhvervs- og brancheorganisationer"
1000695|"Foreningen af Danske Stammeejere af Mark- og Havefrø – DLF-TRIFOLIUM A/S(bestyrelse)"|"Erhvervs- og brancheorganisationer"
1000696|"ErhvervsBiavlerne (bestyrelse)"|"Erhvervs- og brancheorganisationer"
1000697|"Generalagenturet for Assuranceforeningen SKULD"|"Erhvervs- og brancheorganisationer"
1000698|"Motorcykelbranchens Landsforbund (bestyrelse)"|"Erhvervs- og brancheorganisationer"
1000699|"Autobranchens Handels- & Industriforening i Danmark (AUTIG) (bestyrelse)"|"Erhvervs- og brancheorganisationer"
1000700|"Danmarks Biavlerforening (bestyrelse)"|"Erhvervs- og brancheorganisationer"
1000701|"GS1 Denmark (bestyrelse)"|"Erhvervs- og brancheorganisationer"
1000702|"Hedeselskabet (bestyrelse)"|"Erhvervs- og brancheorganisationer"
1000703|"Hedeselskabet (repræsentantskabet)"|"Erhvervs- og brancheorganisationer"
1000704|"Bilbranchen (bestyrelse)"|"Erhvervs- og brancheorganisationer"
1000705|"Dansk Vejforening (ledelse)"|"Erhvervs- og brancheorganisationer"
1000706|"Dansk Vejforening (bestyrelse)"|"Erhvervs- og brancheorganisationer"
1000707|"Danske Arkitektvirksomheder (bestyrelse)"|"Erhvervs- og brancheorganisationer"
1000708|"Danske Arkitektvirksomheder (Forretningsudvalg)"|"Erhvervs- og brancheorganisationer"
1000709|"Danske Arkitektvirksomheder (Aftaleudvalget)"|"Erhvervs- og brancheorganisationer"
1000710|"Danske Arkitektvirksomheder (Bæredygtighedsudvalget)"|"Erhvervs- og brancheorganisationer"
1000711|"Danske Arkitektvirksomheder (Forsikringsudvalget)"|"Erhvervs- og brancheorganisationer"
1000712|"Danske Arkitektvirksomheder (Internationalt udvalg)"|"Erhvervs- og brancheorganisationer"
1000713|"Danske Arkitektvirksomheder (internationale udvalgs netværksgruppe )"|"Erhvervs- og brancheorganisationer"
1000714|"Danske Arkitektvirksomheder (IT-udvalget)"|"Erhvervs- og brancheorganisationer"
1000715|"Danske Arkitektvirksomheder (Kompetenceudvalget)"|"Erhvervs- og brancheorganisationer"
1000716|"Danske Arkitektvirksomheder (Kvalitetsledelsesudvalget)"|"Erhvervs- og brancheorganisationer"
1000717|"Danske Arkitektvirksomheder (Overenskomstsudvalget)"|"Erhvervs- og brancheorganisationer"
1000718|"Danske Arkitektvirksomheder (Tilgængelighedsudvalget)"|"Erhvervs- og brancheorganisationer"
1000719|"Bygherreforeningen (bestyrelse)"|"Erhvervs- og brancheorganisationer"
1000720|"Bygherreforeningen (Arbejdsmiljø)"|"Erhvervs- og brancheorganisationer"
1000721|"Bygherreforeningen (Digitalisering)"|"Erhvervs- og brancheorganisationer"
1000722|"Bygherreforeningen (Energi og Miljø)"|"Erhvervs- og brancheorganisationer"
1000723|"Bygherreforeningen (Kvalitet og Proces)"|"Erhvervs- og brancheorganisationer"
1000724|"Bygherreforeningen (Rammebetingelser)"|"Erhvervs- og brancheorganisationer"
1000725|"Bygherreforeningen (Udbud og Konkurrence)"|"Erhvervs- og brancheorganisationer"
1000726|"Bygherreforeningen (Udvikling og Uddannelse)"|"Erhvervs- og brancheorganisationer"
1000727|"Danske Cykelhandlere  (bestyrelse)"|"Erhvervs- og brancheorganisationer"
1000728|"Dansk Aktionærforening (repræsentantskab)"|"Erhvervs- og brancheorganisationer"
1000729|"Dansk Aktionærforening (bestyrelse)"|"Erhvervs- og brancheorganisationer"
1000730|"Dansk Aktionærforening (Nomineringsudvalg)"|"Erhvervs- og brancheorganisationer"
1000731|"Dansk Aktionærforening (Generalforsamlingsudvalg)"|"Erhvervs- og brancheorganisationer"
1000732|"Dansk Aktionærforening (Høringsudvalg)"|"Erhvervs- og brancheorganisationer"
1000733|"Dansk Aktionærforening (Kommunikationsudvalg)"|"Erhvervs- og brancheorganisationer"
1000734|"Dansk Aktionærforening (Lokalforeningsudvalg)"|"Erhvervs- og brancheorganisationer"
1000735|"Dansk Aktionærforening (Skatteudvalg)"|"Erhvervs- og brancheorganisationer"
1000736|"Dansk Aktionærforening (Uddannelsesudvalg)"|"Erhvervs- og brancheorganisationer"
1000737|"Danmarks Skibsmæglerforening (bestyrelse)"|"Erhvervs- og brancheorganisationer"
1000738|"Producentforeningen  (bestyrelse)"|"Erhvervs- og brancheorganisationer"
1000739|"Veterinærmedicinsk Industriforening (VIF)  (bestyrelse)"|"Erhvervs- og brancheorganisationer"
1000740|"Dansk Skovforening (bestyrelse)"|"Erhvervs- og brancheorganisationer"
1000741|"Dansk Skovforening (Forretningsudvalg)"|"Erhvervs- og brancheorganisationer"
1000742|"Danmarks Fiskeriforening (bestyrelse)"|"Erhvervs- og brancheorganisationer"
1000743|"Danmarks Fiskeriforening (formandskab)"|"Erhvervs- og brancheorganisationer"
1000744|"Dansk Turismefremme (bestyrelse)"|"Erhvervs- og brancheorganisationer"
1000745|"Dansk Renseri Forening  (bestyrelse)"|"Erhvervs- og brancheorganisationer"
1000746|"Dansk Renseri Forening  (Miljøudvalg)"|"Erhvervs- og brancheorganisationer"
1000747|"Dansk Renseri Forening  (Marketingsudvalg)"|"Erhvervs- og brancheorganisationer"
1000748|"Dansk Renseri Forening  (Uddannelsesudvalg)"|"Erhvervs- og brancheorganisationer"
1000749|"Dansk Renseri Forening  (Aktivitetsudvalg)"|"Erhvervs- og brancheorganisationer"
1000750|"Feriehusudlejernes Brancheforening (bestyrelse)"|"Erhvervs- og brancheorganisationer"
1000751|"Foreningen af Rådgivende Ingeniører, F.R.I (Bestyrelse)"|"Erhvervs- og brancheorganisationer"
1000752|"Foreningen af Rådgivende Ingeniører, F.R.I (Formandssakbet)"|"Erhvervs- og brancheorganisationer"
1000753|"Foreningen af Rådgivende Ingeniører, F.R.I (Byggeriudvalget)"|"Erhvervs- og brancheorganisationer"
1000754|"Foreningen af Rådgivende Ingeniører, F.R.I (Byggefaglig taskforce)"|"Erhvervs- og brancheorganisationer"
1000755|"Foreningen af Rådgivende Ingeniører, F.R.I (Infrastrukturudvalget)"|"Erhvervs- og brancheorganisationer"
1000756|"Foreningen af Rådgivende Ingeniører, F.R.I (Energi, Miljø & Klima-udvalget)"|"Erhvervs- og brancheorganisationer"
1000757|"Foreningen af Rådgivende Ingeniører, F.R.I (Aftaleudvalget)"|"Erhvervs- og brancheorganisationer"
1000758|"Foreningen af Rådgivende Ingeniører, F.R.I (Internationalt markedsudvalg)"|"Erhvervs- og brancheorganisationer"
1000759|"Foreningen af Rådgivende Ingeniører, F.R.I (Rets- og Responsumudvalget)"|"Erhvervs- og brancheorganisationer"
1000760|"Foreningen af Rådgivende Ingeniører, F.R.I (Young Professionals)"|"Erhvervs- og brancheorganisationer"
1000761|"Dansk Kørelærer-Union (Hovedbestyrelse)"|"Erhvervs- og brancheorganisationer"
1000762|"Realkreditrådet (bestyrelse)"|"Erhvervs- og brancheorganisationer"
1000763|"Medicoindustrien (bestyrelse)"|"Erhvervs- og brancheorganisationer"
1000764|"Den danske Fondsmæglerforening (bestyrelse)"|"Erhvervs- og brancheorganisationer"
1000765|"Den Danske Finansanalytikerforening (DDF) (bestyrelse)"|"Erhvervs- og brancheorganisationer"
1000766|"Den Danske Finansanalytikerforening (CFA-danmark) (bestyrelse)"|"Erhvervs- og brancheorganisationer"
1000767|"Den Danske Finansanalytikerforening (DDF) (Aktieudvalget)"|"Erhvervs- og brancheorganisationer"
1000768|"Den Danske Finansanalytikerforening (DDF) (Asset Allocation udvalget)"|"Erhvervs- og brancheorganisationer"
1000769|"Den Danske Finansanalytikerforening (DDF) (Obligationsudvalget)"|"Erhvervs- og brancheorganisationer"
1000770|"Den Danske Finansanalytikerforening (DDF) (Regnskabsudvalget)"|"Erhvervs- og brancheorganisationer"
1000771|"Den Danske Finansanalytikerforening (DDF) (Finansfunktionen)"|"Erhvervs- og brancheorganisationer"
1000772|"Den Danske Finansanalytikerforening (DDF) (Private Banking udvalget)"|"Erhvervs- og brancheorganisationer"
1000773|"Den Danske Finansanalytikerforening (DDF) (Etikudvalget)"|"Erhvervs- og brancheorganisationer"
1000774|"Den Danske Finansanalytikerforening (DDF) (Uddannelsesudvalget)"|"Erhvervs- og brancheorganisationer"
1000775|"Den Danske Finansanalytikerforening (DDF) (Forum for Performancemåling)"|"Erhvervs- og brancheorganisationer"
1000776|"Den Danske Finansanalytikerforening (DDF) (Netværk for Finansiel Kommunikation)"|"Erhvervs- og brancheorganisationer"
1000777|"Den Danske Finansanalytikerforening (DDF) (Kvant-Netværket)"|"Erhvervs- og brancheorganisationer"
1000778|"Den Danske Finansanalytikerforening (DDF) (Netværk for Asset Allocation )"|"Erhvervs- og brancheorganisationer"
1000779|"Den Danske Finansanalytikerforening (DDF) (Investment and Securities Law Netværket)"|"Erhvervs- og brancheorganisationer"
1000780|"Den Danske Finansanalytikerforening (DDF) (Risk Management Netværket)"|"Erhvervs- og brancheorganisationer"
1000781|"Den Danske Aktuarforening  (bestyrelse)"|"Erhvervs- og brancheorganisationer"
1000782|"Maskinleverandørerne - Vej, Park & Anlæg (Bestyrelsen for Entreprenørsektionen)"|"Erhvervs- og brancheorganisationer"
1000783|"Maskinleverandørerne - Vej, Park & Anlæg (Bestyrelsen for Park, Vej og Anlæg)"|"Erhvervs- og brancheorganisationer"
1000784|"De Samvirkende Købmænd DSK (bestyrelse)"|"Erhvervs- og brancheorganisationer"
1000785|"De Samvirkende Købmænd DSK (forretningsudvalg)"|"Erhvervs- og brancheorganisationer"
1000786|"Danske Reklame- og Relationsbureauers Brancheforening (DRRB) (bestyrelse)"|"Erhvervs- og brancheorganisationer"
1000787|"Danmarks Kartoffel Råd"|"Erhvervs- og brancheorganisationer"
1000788|"Dansk Kvæg (bestyrelse)"|"Erhvervs- og brancheorganisationer"
1000789|"Foreningen af Online It Forhandlere (FOIF)  (bestyrelse)"|"Erhvervs- og brancheorganisationer"
1000790|"Foreningen af Auto- og Industrilakerere (bestyrelse)"|"Erhvervs- og brancheorganisationer"
1000791|"Glarmesterlauget i Danmark (bestyrelse)"|"Erhvervs- og brancheorganisationer"
1000792|"Glarmesterlauget i Danmark (forretningsudvalg)"|"Erhvervs- og brancheorganisationer"
1000793|"Tegnerne - Tegnerforbundet af 1919 (bestyrelse)"|"Erhvervs- og brancheorganisationer"
1000794|"Esbjerg Fiskeriforening  (bestyrelse)"|"Erhvervs- og brancheorganisationer"
1000795|"Danske Bedemænd Sekretariatet (bestyrelse)"|"Erhvervs- og brancheorganisationer"
1000796|"DAKOFA (bestyrelse)"|"Erhvervs- og brancheorganisationer"
1000797|"ADA - Associerede Danske Arkitekter (bestyrelse)"|"Erhvervs- og brancheorganisationer"
1000798|"Børsmæglerforeningen  (bestyrelse)"|"Erhvervs- og brancheorganisationer"
1000799|"Børsmæglerforeningen  (Investment Banking udvalget )"|"Erhvervs- og brancheorganisationer"
1000800|"Børsmæglerforeningen  (Aktieudvalget )"|"Erhvervs- og brancheorganisationer"
1000801|"Børsmæglerforeningen  (Obligationsudvalget )"|"Erhvervs- og brancheorganisationer"
1000802|"Børsmæglerforeningen  (Complianceudvalget)"|"Erhvervs- og brancheorganisationer"
1000803|"Dansk Juletræsdyrkerforening (bestyrelse)"|"Erhvervs- og brancheorganisationer"
1000804|"Det Danske Fjerkræraad (bestyrelse)"|"Erhvervs- og brancheorganisationer"
1000805|"Dansk Slagtefjerkræ (bestyrelse)"|"Erhvervs- og brancheorganisationer"
1000806|"Danske Æg (bestyrelse)"|"Erhvervs- og brancheorganisationer"
1000807|"Fjerkræafgiftsfonden (bestyrelse)"|"Erhvervs- og brancheorganisationer"
1000808|"Forsikringsmæglerforeningen i Danmark  (bestyrelse)"|"Erhvervs- og brancheorganisationer"
1000809|"HBL - Helsebranchens Leverandørforening (bestyrelse)"|"Erhvervs- og brancheorganisationer"
1000810|"Lif - Lægemiddelindustriforeningen (bestyrelse)"|"Erhvervs- og brancheorganisationer"
1000811|"Dansk Iværksætter Forening (bestyrelse)"|"Erhvervs- og brancheorganisationer"
1000812|"Foreningen af Specialtandlæger i Ortodonti (FSO)  (bestyrelse)"|"Erhvervs- og brancheorganisationer"
1000813|"Energi- og Olieforum (Bestyrelse)"|"Erhvervs- og brancheorganisationer"
1000814|"VELTEK  - VVS og EL-tekniske Leverandørers Brancheforening"|"Erhvervs- og brancheorganisationer"
1000815|"FABA - Foreningen af Fabrikanter og Importører af Elektriske Belysningsarmaturer (bestyrelse)"|"Erhvervs- og brancheorganisationer"
1000816|"DI ITEK (bestyrelse)"|"Erhvervs- og brancheorganisationer"
1000817|"Dansk Ejendomsmæglerforening  (formandsråd)"|"Erhvervs- og brancheorganisationer"
1000818|"Dansk Ejendomsmæglerforening  (medlemsråd)"|"Erhvervs- og brancheorganisationer"
1000819|"Dansk Ejendomsmæglerforening  (uddannelsesråd)"|"Erhvervs- og brancheorganisationer"
1000820|"Dansk Ejendomsmæglerforening  (økonomiråd)"|"Erhvervs- og brancheorganisationer"
1000821|"Dansk Ejendomsmæglerforening  (bestyrelse)"|"Erhvervs- og brancheorganisationer"
1000822|"Byggesocietetet (formandskabet)"|"Erhvervs- og brancheorganisationer"
1000823|"Byggesocietetet (landsbetyrelsen)"|"Erhvervs- og brancheorganisationer"
1000824|"Byggesocietetet (Netværksgruppe1 i København)"|"Erhvervs- og brancheorganisationer"
1000825|"Byggesocietetet (Netværksgruppe2 i København)"|"Erhvervs- og brancheorganisationer"
1000826|"Byggesocietetet (Netværksgruppe3 i København)"|"Erhvervs- og brancheorganisationer"
1000827|"Byggesocietetet (Netværksgruppe4 i Aalborg)"|"Erhvervs- og brancheorganisationer"
1000828|"Byggesocietetet (Netværksgruppe6 i Aalborg)"|"Erhvervs- og brancheorganisationer"
1000829|"Byggesocietetet (Netværksgruppe7 i Århus)"|"Erhvervs- og brancheorganisationer"
1000830|"Byggesocietetet (Netværksgruppe9 i Aalborg)"|"Erhvervs- og brancheorganisationer"
1000831|"Byggesocietetet (Boligudvalget )"|"Erhvervs- og brancheorganisationer"
1000832|"Byggesocietetet (Bygherreudvalget )"|"Erhvervs- og brancheorganisationer"
1000833|"Byggesocietetet (By- og planudvalget )"|"Erhvervs- og brancheorganisationer"
1000834|"Byggesocietetet (Lejeudvalget )"|"Erhvervs- og brancheorganisationer"
1000835|"Byggesocietetet (Miljøudvalget )"|"Erhvervs- og brancheorganisationer"
1000836|"Byggesocietetet (Københavnsudvalget )"|"Erhvervs- og brancheorganisationer"
1000837|"Byggesocietetet (Sundhedsudvalget )"|"Erhvervs- og brancheorganisationer"
1000838|"Byggesocietetet (Solenergiudvalget )"|"Erhvervs- og brancheorganisationer"
1000839|"Landbrug & Fødevarer (direktion)"|"Erhvervs- og brancheorganisationer"
1000840|"Landbrug & Fødevarer (ledelse)"|"Erhvervs- og brancheorganisationer"
1000841|"Landbrug & Fødevarer (formandskab)"|"Erhvervs- og brancheorganisationer"
1000842|"Landbrug & Fødevarer (Primaer-bestyrelse)"|"Erhvervs- og brancheorganisationer"
1000843|"Landbrug & Fødevarer (Virksomhedsbestyrelse)"|"Erhvervs- og brancheorganisationer"
1000844|"Landbrug & Fødevarer (Familielandbrugssektionen – bestyrelse)"|"Erhvervs- og brancheorganisationer"
1000845|"Landbrug & Fødevarer (Tolvmandssektionens bestyrelse )"|"Erhvervs- og brancheorganisationer"
1000846|"Landbrug & Fødevarer (Erhvervsfjerkræsektionen – bestyrelse)"|"Erhvervs- og brancheorganisationer"
1000847|"Landbrug & Fødevarer (Frøsektionen – bestyrelse)"|"Erhvervs- og brancheorganisationer"
1000848|"Landbrug & Fødevarer (Økologisektionen – bestyrelse)"|"Erhvervs- og brancheorganisationer"
1000849|"Landbrug & Fødevarer (Danske Deltidslandmænd – Udvalget)"|"Erhvervs- og brancheorganisationer"
1000850|"Landbrug & Fødevarer (Uddannelsesudvalget)"|"Erhvervs- og brancheorganisationer"
1000851|"Landbrug & Fødevarer (Havebrugsudvalget)"|"Erhvervs- og brancheorganisationer"
1000852|"Landbrug & Fødevarer (Familieudvalget)"|"Erhvervs- og brancheorganisationer"
1000853|"Dagligvareleverandørerne (bestyrelse)"|"Erhvervs- og brancheorganisationer"
1000854|"Dagligvareleverandørerne (Markedsudvalg)"|"Erhvervs- og brancheorganisationer"
1000855|"Dagligvareleverandørerne (IT og Logistikudvalg)"|"Erhvervs- og brancheorganisationer"
1000856|"Bilfærgernes Rederiforening (bestyrelse)"|"Erhvervs- og brancheorganisationer"
1000857|"Dansk Erhverv  (bestyrelse)"|"Erhvervs- og brancheorganisationer"
1000858|"Dansk Erhverv  (Forretningsudvalg)"|"Erhvervs- og brancheorganisationer"
1000859|"Bager- og Konditormestre i Danmark (BKD) (bestyrelse)"|"Erhvervs- og brancheorganisationer"
1000860|"Brancheforeningen automatik, tryk & transmission (bestyrelse)"|"Erhvervs- og brancheorganisationer"
1000861|"Brancheforeningen for Bygningsautomation (bestyrelse)"|"Erhvervs- og brancheorganisationer"
1000862|"Brancheforeningen for industriel automation (bestyrelse)"|"Erhvervs- og brancheorganisationer"
1000863|"Brancheforeningen for Kontor og Papir i Danmark – KONPA (Bestyrelse)"|"Erhvervs- og brancheorganisationer"
1000864|"Brancheforeningen for Kontor og Papir i Danmark – KONPA (Legatudvalg)"|"Erhvervs- og brancheorganisationer"
1000865|"Brancheforeningen for Privathospitaler og Klinikker (bestyrelse)"|"Erhvervs- og brancheorganisationer"
1000866|"Brancheforeningen for Sundhed og Forebyggelse (BSF)  (bestyrelse)"|"Erhvervs- og brancheorganisationer"
1000867|"Brancheforeningen for Teambuilding og Ledertræning - BFTL (bestyrelse)"|"Erhvervs- og brancheorganisationer"
1000868|"Brancheforeningen Værktøj og Værktøjsmaskiner – VOV (Bestyrelse)"|"Erhvervs- og brancheorganisationer"
1000869|"Danish Design Association (bestyrelse)"|"Erhvervs- og brancheorganisationer"
1000870|"Danmarks Fiskehandlere (bestyrelse)"|"Erhvervs- og brancheorganisationer"
1000871|"Danmarks Fotohandler Forening (bestyrelse)"|"Erhvervs- og brancheorganisationer"
1000872|"Danmarks optikerforening (Bestyrelse)"|"Erhvervs- og brancheorganisationer"
1000873|"Danmarks Rejsebureau Forening (bestyrelse)"|"Erhvervs- og brancheorganisationer"
1000874|"Danmarks Restauranter og Cafeer – DRC (bestyrelse)"|"Erhvervs- og brancheorganisationer"
1000875|"Danmarks Skohandlerforening (bestyrelse)"|"Erhvervs- og brancheorganisationer"
1000876|"Danmarks Sportshandler Forening – DSF (bestyrelse)"|"Erhvervs- og brancheorganisationer"
1000877|"Dansk Automatbrancheforening – DAB (bestyrelse)"|"Erhvervs- og brancheorganisationer"
1000878|"Dansk Detail (bestyrelse)"|"Erhvervs- og brancheorganisationer"
1000879|"Dansk Diagnostika- og Laboratorieforening - DADIF (Bestyrelse)"|"Erhvervs- og brancheorganisationer"
1000880|"Dansk Erhvervssammenslutning – DESA (bestyrelse)"|"Erhvervs- og brancheorganisationer"
1000881|"Dansk Erhverv - Teknik – Branchefællesskab (forretningsudvalg)"|"Erhvervs- og brancheorganisationer"
1000882|"Dansk Firmaidrætsforbund (forbundsstyrelse)"|"Erhvervs- og brancheorganisationer"
1000883|"Dansk Fitness og Helseorganisation – DFHO (bestyrelse)"|"Erhvervs- og brancheorganisationer"
1000884|"Dansk Forening for Automatforplejning – DAFA (bestyrelse)"|"Erhvervs- og brancheorganisationer"
1000885|"Dansk Forening for Rosport (bestyrelsen)"|"Erhvervs- og brancheorganisationer"
1000886|"Dansk Håndbold Forbund (bestyrelse)"|"Erhvervs- og brancheorganisationer"
1000887|"Dansk Håndbold Forbund (direktrion)"|"Erhvervs- og brancheorganisationer"
1000888|"Dansk Håndbold Forbund (økonomiudvalget)"|"Erhvervs- og brancheorganisationer"
1000889|"Dansk Håndbold Forbund (Eliteudvalget)"|"Erhvervs- og brancheorganisationer"
1000890|"Dansk Håndbold Forbund (Turneringsudvalget)"|"Erhvervs- og brancheorganisationer"
1000891|"Dansk Håndbold Forbund (Dommerudvalget)"|"Erhvervs- og brancheorganisationer"
1000892|"Dansk Håndbold Forbund (Uddannelsesudvalg, elite)"|"Erhvervs- og brancheorganisationer"
1000893|"Dansk Håndbold Forbund (Uddannelsesudvalg, bredde)"|"Erhvervs- og brancheorganisationer"
1000894|"Dansk Håndbold Forbund (Børne- og ungeudvalget)"|"Erhvervs- og brancheorganisationer"
1000895|"Dansk Håndbold Forbund (Beachudvalget)"|"Erhvervs- og brancheorganisationer"
1000896|"Dansk Håndbold Forbund (DIF udvalget)"|"Erhvervs- og brancheorganisationer"
1000897|"Dansk Håndbold Forbund (arrangementsudvalget)"|"Erhvervs- og brancheorganisationer"
1000898|"Dansk Håndbold Forbund (Internationalt udvalg)"|"Erhvervs- og brancheorganisationer"
1000899|"Dansk Håndbold Forbund (Udvalget for professionel håndbold)"|"Erhvervs- og brancheorganisationer"
1000900|"Dansk Håndbold Forbund (kontraktudvalget)"|"Erhvervs- og brancheorganisationer"
1000901|"Dansk Håndbold Forbund (disciplinærudvalget)"|"Erhvervs- og brancheorganisationer"
1000902|"Dansk Håndbold Forbund (disciplinærudvalget for øvrige rækker)"|"Erhvervs- og brancheorganisationer"
1000903|"Dansk Håndbold Forbund (Appeludvalg)"|"Erhvervs- og brancheorganisationer"
1000904|"Dansk Kennelklub (bestyrelse)"|"Erhvervs- og brancheorganisationer"
1000905|"Dansk Kennelklub (Forretningsudvalg)"|"Erhvervs- og brancheorganisationer"
1000906|"Dansk Svømmeunion (bestyrelse)"|"Erhvervs- og brancheorganisationer"
1000908|"Dansk Travsports Centralforbund (bestyrelse)"|"Erhvervs- og brancheorganisationer"
1000909|"Dansk Vandrelaug (styrelse)"|"Erhvervs- og brancheorganisationer"
1000910|"Dansk Venture- og Kapitalfondsforening - DVCA (bestyrelse)"|"Erhvervs- og brancheorganisationer"
1000911|"Dansk Venture- og Kapitalfondsforening - DVCA (Analyseudvalg)"|"Erhvervs- og brancheorganisationer"
1000912|"Dansk Venture- og Kapitalfondsforening - DVCA (Business Angels Udvalget)"|"Erhvervs- og brancheorganisationer"
1000913|"Dansk Venture- og Kapitalfondsforening - DVCA (Juridisk Udvalg)"|"Erhvervs- og brancheorganisationer"
1000914|"Dansk Venture- og Kapitalfondsforening - DVCA (Private Equity Udvalg)"|"Erhvervs- og brancheorganisationer"
1000915|"Dansk Venture- og Kapitalfondsforening - DVCA (Skatteudvalget)"|"Erhvervs- og brancheorganisationer"
1000916|"Dansk Venture- og Kapitalfondsforening - DVCA (Uddannelsesudvalg)"|"Erhvervs- og brancheorganisationer"
1000917|"Dansk Venture- og Kapitalfondsforening - DVCA (Ventureudvalg)"|"Erhvervs- og brancheorganisationer"
1000918|"Dansk Værktøjsmaskinforhandler Forening - DVF (bestyrelse)"|"Erhvervs- og brancheorganisationer"
1000919|"Danske Ejendomsprojektudbyderes Brancheforening - DEB (bestyrelse)"|"Erhvervs- og brancheorganisationer"
1000920|"Danske Havecentre (bestyrelse)"|"Erhvervs- og brancheorganisationer"
1000921|"Danske Kæder (bestyrelse)"|"Erhvervs- og brancheorganisationer"
1000922|"Danske Møbelhandlere (bestyrelse)"|"Erhvervs- og brancheorganisationer"
1000923|"De Grafiske Fags Leverandørforening af 1927 – DGFL (bestyrelse)"|"Erhvervs- og brancheorganisationer"
1000924|"Den Danske Boghandlerforening (bestyrelse)"|"Erhvervs- og brancheorganisationer"
1000925|"Forening af Private Golfbaner (bestyrelse)"|"Erhvervs- og brancheorganisationer"
1000926|"Foreningen for Distance- og Internethandel - FDIH (bestyrelse)"|"Erhvervs- og brancheorganisationer"
1000927|"Fotobranchens Leverandørforening (bestyrelse)"|"Erhvervs- og brancheorganisationer"
1000928|"Branchenetværk for fødevarer til Medicinske Formål – FMF"|"Erhvervs- og brancheorganisationer"
1000929|"International Chamber of Commerce Denmark (ICC-Denmark) (bestyrelse)"|"Erhvervs- og brancheorganisationer"
1000930|"International Chamber of Commerce Denmark (ICC-Denmark) (marketingsudvalg)"|"Erhvervs- og brancheorganisationer"
1000931|"International Chamber of Commerce Denmark (ICC-Denmark) (Trade finance forum)"|"Erhvervs- og brancheorganisationer"
1000932|"Indsamlingsorganisationernes Brancheorganisation - ISOBRO (bestyrelse)"|"Erhvervs- og brancheorganisationer"
1000933|"Indsamlingsorganisationernes Brancheorganisation - ISOBRO (forretningsudvalg)"|"Erhvervs- og brancheorganisationer"
1000934|"Jobrådgivernes Brancheforening (bestyrelse)"|"Erhvervs- og brancheorganisationer"
1000935|"Jobrådgivernes Brancheforening (høringsudvalget)"|"Erhvervs- og brancheorganisationer"
1000936|"Jobrådgivernes Brancheforening (dokumentationsudvalget)"|"Erhvervs- og brancheorganisationer"
1000937|"Jobrådgivernes Brancheforening (it-udvalget)"|"Erhvervs- og brancheorganisationer"
1000938|"Jobrådgivernes Brancheforening (politikudvalget)"|"Erhvervs- og brancheorganisationer"
1000939|"Jobrådgivernes Brancheforening (kommunikationsudvalget)"|"Erhvervs- og brancheorganisationer"
1000940|"Kemi & Life Science (bestyrelse)"|"Erhvervs- og brancheorganisationer"
1000941|"Legetøjsbranchens Fællesråd - LF (bestyrelse)"|"Erhvervs- og brancheorganisationer"
1000942|"Materialistforeningen (bestyrelse)"|"Erhvervs- og brancheorganisationer"
1000943|"Proagro (bestyrelse)"|"Erhvervs- og brancheorganisationer"
1000944|"Professionel Elektronik (bestyrelse)"|"Erhvervs- og brancheorganisationer"
1000945|"Public Relations Branchen (bestyrelse)"|"Erhvervs- og brancheorganisationer"
1000946|"Rytmisk Musik København - RUSK (bestyrelse)"|"Erhvervs- og brancheorganisationer"
1000947|"Vikarbureauernes Brancheforening (VB) (bestyrelse)"|"Erhvervs- og brancheorganisationer"
1000907|"Dansk Transport og Logistik - DTL (bestyrelse)"|"Erhvervs- og brancheorganisationer"
1000948|"HORESTA brancheforening (Bestyrelse)"|"Erhvervs- og brancheorganisationer"
1000949|"HORESTA arbejdsgiverforening (Bestyrelse)"|"Erhvervs- og brancheorganisationer"
1000950|"Danmarks Rederiforening (bestyrelse)"|"Erhvervs- og brancheorganisationer"
1000951|"Rederiforeningen af 2010 (bestyrelse)"|"Erhvervs- og brancheorganisationer"
1000952|"Brancheforeningen for Sæbe, Parfume og Teknisk/Kemiske artikler (bestyrelse)"|"Erhvervs- og brancheorganisationer"
1000953|"Foreningen Industriel Retsbeskyttelse (bestyrelse)"|"Erhvervs- og brancheorganisationer"
1000954|"Skorstensfejerlauget af 11. februar 1778 (forretningsudvalg)"|"Erhvervs- og brancheorganisationer"
1000955|"Skorstensfejerlauget af 11. februar 1778 (Bestyrelse)"|"Erhvervs- og brancheorganisationer"
1000956|"Dansk ErhvervsFremme (bestyrelse)"|"Erhvervs- og brancheorganisationer"
1000957|"Danske Landskabsarkitekter  (bestyrelse)"|"Erhvervs- og brancheorganisationer"
1000958|"Liberale Erhvervs Råd (LER)"|"Erhvervs- og brancheorganisationer"
1000959|"Finansrådet (Bestyrelse)"|"Erhvervs- og brancheorganisationer"
1000960|"Finansrådet (formandskab)"|"Erhvervs- og brancheorganisationer"
1000961|"Danske Advokater (bestyrelse)"|"Erhvervs- og brancheorganisationer"
1000962|"Dansk Magasinpresses Udgiverforening (bestyrelse)"|"Erhvervs- og brancheorganisationer"
1000963|"Dansk Energi (bestyrelse)"|"Erhvervs- og brancheorganisationer"
1000964|"Dansk Energi – Gas (bestyrelse)"|"Erhvervs- og brancheorganisationer"
1000965|"Dansk Energi – Net (bestyrelse)"|"Erhvervs- og brancheorganisationer"
1000966|"Dansk Energi – Produktion (bestyrelse)"|"Erhvervs- og brancheorganisationer"
1000967|"Dansk Energi – Elhandel (bestyrelse)"|"Erhvervs- og brancheorganisationer"
1000968|"Energiretsforeningen (bestyrelse)"|"Erhvervs- og brancheorganisationer"
1000969|"VP Securities A/S (bestyrelse)"|"Erhvervs- og brancheorganisationer"
1000970|"VP Securities A/S (Ledelse & Direktion)"|"Erhvervs- og brancheorganisationer"
1000971|"Dansk Akvakultur (bestyrelse)"|"Erhvervs- og brancheorganisationer"
1000972|"Dansk Akvakultur (Dambrug)"|"Erhvervs- og brancheorganisationer"
1000973|"Dansk Akvakultur (Havbrug)"|"Erhvervs- og brancheorganisationer"
1000974|"Dansk Akvakultur (Ål)"|"Erhvervs- og brancheorganisationer"
1000975|"Dansk Akvakultur (Eksport og forædling)"|"Erhvervs- og brancheorganisationer"
1000976|"Dansk Akvakultur (Foderfirmaer)"|"Erhvervs- og brancheorganisationer"
1000977|"Dansk Akvakultur (Skaldyr)"|"Erhvervs- og brancheorganisationer"
1000978|"Hjemkundskabslærerforeningen (hovedstyrelse)"|"Erhvervs- og brancheorganisationer"
1000979|"GTS - Godkendt Teknologisk Service (Bestyrelse)"|"Erhvervs- og brancheorganisationer"
1000980|"Foreningen af Danske Havefrøgrossister (Bestyrelse)"|"Erhvervs- og brancheorganisationer"
1000981|"Dansk Frøhandlerforening (Bestyrelse)"|"Erhvervs- og brancheorganisationer"
1000982|"Danske Planteskoler - Sektion 1 - Produktion af planter til engros-markedet(bestyrelse)"|"Erhvervs- og brancheorganisationer"
1000983|"Danske Planteskoler - Sektion 2 - Produktion af planter til detailmarkedet (bestyrelse)"|"Erhvervs- og brancheorganisationer"
1000984|"Danske Planteskoler – (hovedbestyrelse)"|"Erhvervs- og brancheorganisationer"
1000985|"Vin og Spiritus Organisationen i Danmark V.S.O.D. (bestyrelse)"|"Erhvervs- og brancheorganisationer"
1000987|"Motorcykel-Forhandler Foreningen (bestyrelse)"|"Erhvervs- og brancheorganisationer"
1000988|"Dansk Gartneri (bestyrelse)"|"Erhvervs- og brancheorganisationer"
1000989|"Forsikring & Pension (bestyrelse)"|"Erhvervs- og brancheorganisationer"
1000990|"Foreningen af Fabrikanter og Importører af Elektriske Husholdningsapparater (FEHA) (bestyrelse)"|"Erhvervs- og brancheorganisationer"
1000991|"Hanstholm Fiskeriforening (bestyrelse)"|"Erhvervs- og brancheorganisationer"
1000992|"Dansk Kystfiskerforening (bestyrelse)"|"Erhvervs- og brancheorganisationer"
1000993|"Kødbranchens Fællesråd (bestyrelse)"|"Erhvervs- og brancheorganisationer"
1000994|"Dansk Isindustri (bestyrelse)"|"Erhvervs- og brancheorganisationer"
1000995|"Margarine Foreningen"|"Erhvervs- og brancheorganisationer"
1000996|"DANSK IT (bestyrelse)"|"Erhvervs- og brancheorganisationer"
1000997|"DANSK IT (IT Governance og Management)"|"Erhvervs- og brancheorganisationer"
1000998|"DANSK IT (IT-drift og -service)"|"Erhvervs- og brancheorganisationer"
1000999|"DANSK IT (IT og Jura)"|"Erhvervs- og brancheorganisationer"
1001000|"DANSK IT (It-sikkerhed)"|"Erhvervs- og brancheorganisationer"
1001001|"DANSK IT (Program- og projektledelse)"|"Erhvervs- og brancheorganisationer"
1001002|"DANSK IT (HR)"|"Erhvervs- og brancheorganisationer"
1001003|"DANSK IT (Forretningsystemer)"|"Erhvervs- og brancheorganisationer"
1001004|"Brancheorganisationen ForbrugerElektronik (BFE) (bestyrelse)"|"Erhvervs- og brancheorganisationer"
1001005|"Daginstitutionernes Lands-Organisation (DLO) (bestyrelse)"|"Erhvervs- og brancheorganisationer"
1001006|"Foreningen af Interne Revisorer (bestyrelse)"|"Erhvervs- og brancheorganisationer"
1001007|"Foreningen af Interne Revisorer (Sektor: Finansielle)"|"Erhvervs- og brancheorganisationer"
1001008|"Foreningen af Interne Revisorer (Sektor: Industri m.v.)"|"Erhvervs- og brancheorganisationer"
1001009|"Foreningen af Interne Revisorer (Sektor: Offentlige)"|"Erhvervs- og brancheorganisationer"
1001010|"Dansk Miljøteknologi (bestyrelse)"|"Erhvervs- og brancheorganisationer"
1001011|"IT-Brancheforeningen (forretningsudvalg)"|"Erhvervs- og brancheorganisationer"
1001012|"IT-Brancheforeningen (hovedbestyrelse)"|"Erhvervs- og brancheorganisationer"
1001013|"IT-Brancheforeningen (Mobil Brancheforum)"|"Erhvervs- og brancheorganisationer"
1001014|"IT-Brancheforeningen (Business development styregruppe)"|"Erhvervs- og brancheorganisationer"
1001015|"IT-Brancheforeningen (ITB Regional Udvalget)"|"Erhvervs- og brancheorganisationer"
1001016|"IT-Brancheforeningen (Juridisk udvalg)"|"Erhvervs- og brancheorganisationer"
1001017|"IT-Brancheforeningen (Miljøudvalget)"|"Erhvervs- og brancheorganisationer"
1001018|"IT-Brancheforeningen (Open Source Udvalget)"|"Erhvervs- og brancheorganisationer"
1001019|"IT-Brancheforeningen (Rettighedsudvalget)"|"Erhvervs- og brancheorganisationer"
1001020|"IT-Brancheforeningen (Udvalget for Sundheds IT)"|"Erhvervs- og brancheorganisationer"
1001021|"IT-Brancheforeningen (Teleudvalget)"|"Erhvervs- og brancheorganisationer"
1001022|"IT-Brancheforeningen (Uddannelses- og innovationsudvalget)"|"Erhvervs- og brancheorganisationer"
1001023|"IT-Brancheforeningen (Udvalget for Digital Forvaltning)"|"Erhvervs- og brancheorganisationer"
1001024|"IT-Brancheforeningen (Udvalget for kopi og printproducenter)"|"Erhvervs- og brancheorganisationer"
1001025|"IT-Brancheforeningen (Udvalget for it-sikkerhed)"|"Erhvervs- og brancheorganisationer"
1001026|"Danske Designere (bestyrelse)"|"Erhvervs- og brancheorganisationer"
1001027|"Rejsearrangører i Danmark (RID)"|"Erhvervs- og brancheorganisationer"
1001028|"ITD - International Transport Danmark (bestyrelse)"|"Erhvervs- og brancheorganisationer"
1001029|"Danske Speditører (bestyrelse)"|"Erhvervs- og brancheorganisationer"
1001030|"Danske Speditører (Fagudvalg Kontinent)"|"Erhvervs- og brancheorganisationer"
1001031|"Danske Speditører (Fagudvalg Lager og Teknologi)"|"Erhvervs- og brancheorganisationer"
1001032|"Danske Speditører (Fagudvalg Luftfragt)"|"Erhvervs- og brancheorganisationer"
1001033|"Danske Speditører (Fagudvalg Norden)"|"Erhvervs- og brancheorganisationer"
1001034|"Danske Speditører (Fagudvalg Søfragt)"|"Erhvervs- og brancheorganisationer"
1001035|"Danske Speditører (Fagudvalg Told)"|"Erhvervs- og brancheorganisationer"
1001036|"Danske Speditører (Fagudvalg Uddannelse)"|"Erhvervs- og brancheorganisationer"
1001037|"Danske Speditører (Fagudvalg UK)"|"Erhvervs- og brancheorganisationer"
1001038|"Danske Speditører (Fagudvalg Økonomi og Finans)"|"Erhvervs- og brancheorganisationer"
1001039|"Danske Speditører (Fagudvalg Østeuropa)"|"Erhvervs- og brancheorganisationer"
1001040|"De Danske Skovdyrkerforeninger (hovedbestyrelse)"|"Erhvervs- og brancheorganisationer"
1001041|"Dansk Planteværn (bestyrelse)"|"Erhvervs- og brancheorganisationer"
1001042|"Dansk Vand- og Spildevandsforening (DANVA) (bestyrelse)"|"Erhvervs- og brancheorganisationer"
1001043|"Dansk Vand- og Spildevandsforening (DANVA) (teknisk råd)"|"Erhvervs- og brancheorganisationer"
1001044|"Dansk Vand- og Spildevandsforening (DANVA) (Grundvandskomité)"|"Erhvervs- og brancheorganisationer"
1001045|"Dansk Vand- og Spildevandsforening (DANVA) (Vandforsyningskomité)"|"Erhvervs- og brancheorganisationer"
1001046|"Dansk Vand- og Spildevandsforening (DANVA) (Afløbskomitè)"|"Erhvervs- og brancheorganisationer"
1001047|"Dansk Vand- og Spildevandsforening (DANVA) (Spildevandskomité)"|"Erhvervs- og brancheorganisationer"
1001048|"Guldsmedefagets Fællesråd"|"Erhvervs- og brancheorganisationer"
1001049|"Det Kongelige Danske Landhusholdningsselskab (præsidie)"|"Erhvervs- og brancheorganisationer"
1001050|"AE - Arbejderbevægelsens Erhvervsråd (bestyrelse)"|"Erhvervs- og brancheorganisationer"
1001051|"AE - Arbejderbevægelsens Erhvervsråd (Rådet)"|"Erhvervs- og brancheorganisationer"
1001052|"Centralforeningen af Autoreparatører i Danmark (CAD) (hovedbestyrelse)"|"Erhvervs- og brancheorganisationer"
1001053|"De Danske Bilimportører (bestyrelse)"|"Erhvervs- og brancheorganisationer"
1001054|"Håndværksrådet (bestyrelse)"|"Erhvervs- og brancheorganisationer"
1001055|"Patriotisk Selskab (bestyrelse)"|"Erhvervs- og brancheorganisationer"
1001056|"Patriotisk Selskab (Økonomiudvalg)"|"Erhvervs- og brancheorganisationer"
1001057|"Patriotisk Selskab (Planteavlsudvalg)"|"Erhvervs- og brancheorganisationer"
1001058|"Patriotisk Selskab (Husdyrbrugsudvalg)"|"Erhvervs- og brancheorganisationer"
1001059|"FSR - danske revisorer (bestyrelse)"|"Erhvervs- og brancheorganisationer"
1001060|"Danmarks Automobilforhandler Forening (bestyrelse)"|"Erhvervs- og brancheorganisationer"
1001061|"Foreningen af Danske Landbrugskonsulenter (bestyrelse)"|"Erhvervs- og brancheorganisationer"
1001062|"InvesteringsForeningsRådet (Bestyrelse)"|"Erhvervs- og brancheorganisationer"
1001063|"InvesteringsForeningsRådet (Skatteudvalget )"|"Erhvervs- og brancheorganisationer"
1001064|"InvesteringsForeningsRådet (Regnskabsudvalget)"|"Erhvervs- og brancheorganisationer"
1001065|"InvesteringsForeningsRådet (Juridisk udvalg)"|"Erhvervs- og brancheorganisationer"
1001066|"InvesteringsForeningsRådet (Investeringsudvalget)"|"Erhvervs- og brancheorganisationer"
1001067|"InvesteringsForeningsRådet (Statistikudvalget)"|"Erhvervs- og brancheorganisationer"
1001068|"Dansk-Fransk Handelsunion (bestyrelse)"|"Erhvervs- og brancheorganisationer"
1001069|"Danish Seafood Association (bestyrelse)"|"Erhvervs- og brancheorganisationer"
1001070|"Danmarks Apotekerforening (bestyrelse)"|"Erhvervs- og brancheorganisationer"
1001071|"Danboat, Søsportens Brancheforening (bestyrelse)"|"Erhvervs- og brancheorganisationer"
1001072|"Danske Fiskeres Producent Organisation (DFPO) (bestyrelse)"|"Erhvervs- og brancheorganisationer"
1001073|"Foreningen for Danmarks Fiskemel- og Fiskeolieindustri (bestyrelse)"|"Erhvervs- og brancheorganisationer"
1001074|"DLA agro (bestyrelse)"|"Erhvervs- og brancheorganisationer"
1001075|"DLA agro (ledelse)"|"Erhvervs- og brancheorganisationer"
1001076|"KMC (Management)"|"Erhvervs- og brancheorganisationer"
1001077|"KMC (Board of Directors)"|"Erhvervs- og brancheorganisationer"
1001078|"Foreningen af Vandværker i Danmark (FVD) (landsbestyrelse)"|"Erhvervs- og brancheorganisationer"
1001079|"Foreningen af Vandværker i Danmark (FVD) (ledelse)"|"Erhvervs- og brancheorganisationer"
1001080|"Danske Specialmedier (bestyrelse)"|"Erhvervs- og brancheorganisationer"
1001081|"Danske Specialmedier (Distributionsudvalg)"|"Erhvervs- og brancheorganisationer"
1001082|"Danske Specialmedier (Anders Bording Prisens komité)"|"Erhvervs- og brancheorganisationer"
1001083|"Danske Specialmedier (Aktivitetsudvalg – Idé-Gruppen)"|"Erhvervs- og brancheorganisationer"
1001084|"Patentagentforeningen ADIPA (bestyrelse)"|"Erhvervs- og brancheorganisationer"
1001085|"Danske Maritime (forretningsudvalg)"|"Erhvervs- og brancheorganisationer"
1001086|"Danske Maritime (administration)"|"Erhvervs- og brancheorganisationer"
1001087|"Erhvervsflyvningens Sammenslutning (ES) (Board)"|"Erhvervs- og brancheorganisationer"
1001088|"GenvindingsIndustrien (bestyrelse)"|"Erhvervs- og brancheorganisationer"
1001089|"Danske Råstoffer (bestyrelse)"|"Erhvervs- og brancheorganisationer"
1001090|"Dansk Pelsdyravlerforening (bestyrelse)"|"Erhvervs- og brancheorganisationer"
1001091|"Dansk Fjernvarme (bestyrelse)"|"Erhvervs- og brancheorganisationer"
1001092|"Danske Busvognmænd (bestyrelse)"|"Erhvervs- og brancheorganisationer"
